,authors,authors_orgn,journal,key,keywords,refer_key,title,url,year
0,谢俊|孟宁宁|张金亮|姜建伟|曾俊|,山东省沉积成矿作用与沉积矿产重点实验室|山东科技大学地质学院|北京师范大学资源学院|中国石化河南油田分公司勘探开发研究院|,中国海洋大学学报(自然科学版),8e7e601e-833d-11e8-8daf-408d5c0cc128,下二门油田|成岩作用|孔隙结构|储层特征|,,下二门油田储层成岩作用类型及微观孔隙结构特征,http://rss.cnki.net/rss/Getinfobydoi.aspx?doi=CNKI:SUN:QDHY.0.2012-Z1-018,2012
1,李群|郭建华|郭宇航|,中南大学地学与环境工程学院|中南大学地学与环境工程学院 湖南长沙410083|,沉积与特提斯地质,92184ae8-833d-11e8-bccb-408d5c0cc128,孔隙结构|成岩作用|成岩模式|储层性质|华池油田|,8e7e601e-833d-11e8-8daf-408d5c0cc128,华池油田华152区长3油层组砂岩的成岩作用与孔隙演化,http://rss.cnki.net/rss/Getinfobydoi.aspx?doi=CNKI:SUN:QDHY.0.2012-Z1-018,2008
2,刘林玉|王震亮|张龙|,西北大学大陆动力学重点实验室西北大学地质系|西北大学大陆动力学重点实验室西北大学地质系 西安710069|,沉积学报,945ad752-833d-11e8-a600-408d5c0cc128,成岩作用|成岩相|孔隙结构|镇北地区|鄂尔多斯盆地|,8e7e601e-833d-11e8-8daf-408d5c0cc128,鄂尔多斯盆地镇北地区长3砂岩的成岩作用及其对储层的影响,http://rss.cnki.net/rss/Getinfobydoi.aspx?doi=CNKI:SUN:QDHY.0.2012-Z1-018,2006
3,张廷鹏|张廷飞|孙秀英|康玲珍|郑立莲|石莉莉|张君|,河南油田分公司第一采油厂|河南油田分公司第一采油厂 河南 桐柏 474780|,石油天然气学报(江汉石油学院学报),97cd296c-833d-11e8-a9b7-408d5c0cc128,下二门油田|地质构造|含油气性|增储增产|,8e7e601e-833d-11e8-8daf-408d5c0cc128,下二门油田局部地质构造再认识,http://rss.cnki.net/rss/Getinfobydoi.aspx?doi=CNKI:SUN:QDHY.0.2012-Z1-018,2005
4,张金亮|梁杰|杜桂林|,中国海洋大学海洋地球科学学院|中国海洋大学海洋地球科学学院 山东青岛　266003|,西北地质,9bbdb54c-833d-11e8-a7f1-408d5c0cc128,安塞油田|绿泥石环边|有机包裹体|次生孔隙|成岩模式|储层性质|,8e7e601e-833d-11e8-8daf-408d5c0cc128,安塞油田长2油层成岩作用及其对储层物性的影响,http://rss.cnki.net/rss/Getinfobydoi.aspx?doi=CNKI:SUN:QDHY.0.2012-Z1-018,2004
5,张丽霞|李民|,新疆石油管理局准东勘探开发研究所!阜康市831511|,矿物岩石,9dc0cfa6-833d-11e8-81a7-408d5c0cc128,准噶尔盆地|成岩作用|孔隙|,8e7e601e-833d-11e8-8daf-408d5c0cc128,准东下侏罗统三工河组砂岩成岩作用及其对孔隙的影响,http://rss.cnki.net/rss/Getinfobydoi.aspx?doi=CNKI:SUN:QDHY.0.2012-Z1-018,2000
6,赵跃华|赵新军|翁大丽|台怀忠|,河南石油勘探局勘探开发研究院|,石油学报,9f5b0548-833d-11e8-a184-408d5c0cc128,注水开发|后期|储层|非均质性|剩余油分布|,8e7e601e-833d-11e8-8daf-408d5c0cc128,注水开发后期下二门油田储层特征,http://rss.cnki.net/rss/Getinfobydoi.aspx?doi=CNKI:SUN:QDHY.0.2012-Z1-018,1999
7,李群|郭建华|郭宇航|,中南大学地学与环境工程学院|中南大学地学与环境工程学院 湖南长沙410083|,沉积与特提斯地质,a27cecb0-833d-11e8-8c85-408d5c0cc128,孔隙结构|成岩作用|成岩模式|储层性质|华池油田|,8e7e601e-833d-11e8-8daf-408d5c0cc128,华池油田华152区长3油层组砂岩的成岩作用与孔隙演化,http://rss.cnki.net/rss/Getinfobydoi.aspx?doi=CNKI:SUN:QDHY.0.2012-Z1-018,2008
8,刘林玉|王震亮|张龙|,西北大学大陆动力学重点实验室西北大学地质系|西北大学大陆动力学重点实验室西北大学地质系 西安710069|,沉积学报,a4755dde-833d-11e8-9a0f-408d5c0cc128,成岩作用|成岩相|孔隙结构|镇北地区|鄂尔多斯盆地|,8e7e601e-833d-11e8-8daf-408d5c0cc128,鄂尔多斯盆地镇北地区长3砂岩的成岩作用及其对储层的影响,http://rss.cnki.net/rss/Getinfobydoi.aspx?doi=CNKI:SUN:QDHY.0.2012-Z1-018,2006
9,张廷鹏|张廷飞|孙秀英|康玲珍|郑立莲|石莉莉|张君|,河南油田分公司第一采油厂|河南油田分公司第一采油厂 河南 桐柏 474780|,石油天然气学报(江汉石油学院学报),a607ff58-833d-11e8-9514-408d5c0cc128,下二门油田|地质构造|含油气性|增储增产|,8e7e601e-833d-11e8-8daf-408d5c0cc128,下二门油田局部地质构造再认识,http://rss.cnki.net/rss/Getinfobydoi.aspx?doi=CNKI:SUN:QDHY.0.2012-Z1-018,2005
10,赵跃华|赵新军|翁大丽|台怀忠|,河南石油勘探局勘探开发研究院|,石油学报,a7842454-833d-11e8-979b-408d5c0cc128,注水开发|后期|储层|非均质性|剩余油分布|,8e7e601e-833d-11e8-8daf-408d5c0cc128,注水开发后期下二门油田储层特征,http://rss.cnki.net/rss/Getinfobydoi.aspx?doi=CNKI:SUN:QDHY.0.2012-Z1-018,1999
11,薛欢欢|张金亮|李景哲|孙中强|于涛|王广群|,山东科技大学地球科学与工程学院|北京师范大学资源学院|,中国科技论文,aa7c51f0-833d-11e8-98e2-408d5c0cc128,东濮凹陷|文79区块|沙河街组|层序地层格架|沉积相分布|,,东濮凹陷文79块沙二下亚段高分辨率层序地层结构模型研究,http://rss.cnki.net/rss/Getinfobydoi.aspx?doi=CNKI:SUN:ZKZX.0.2015-15-004,2015
12,刘洛夫|徐敬领|高鹏|邹长春|王远征|徐新宇|,中国石油大学 油气资源与探测国家重点实验室|中国石油大学地球科学学院|中国地质大学 地下信息探测技术与仪器教育部重点实验室|中国地质大学地球物理与信息技术院|中国石油大庆油田有限责任公司第二采油厂地质大队|中国石油冀东油田公司陆上油田作业区工艺研究所|中国石油海外勘探开发分公司|,石油与天然气地质,adfeb142-833d-11e8-b064-408d5c0cc128,测井数据|滤波分析|等时对比|地层划分|,aa7c51f0-833d-11e8-98e2-408d5c0cc128,综合预测误差滤波分析方法在地层划分及等时对比中的应用,http://rss.cnki.net/rss/Getinfobydoi.aspx?doi=CNKI:SUN:ZKZX.0.2015-15-004,2013
13,高红灿|郑荣才|陈发亮|韩福民|刘云|,"中国石化中原油田博士后科研工作站|中国石化中原油田分公司物探研究院|成都理工大学""油气藏地质及开发工程""国家重点实验室|",石油与天然气地质,afea1c50-833d-11e8-9608-408d5c0cc128,层序地层|沙河街组|古近系|东濮凹陷|渤海湾盆地|,aa7c51f0-833d-11e8-98e2-408d5c0cc128,渤海湾盆地东濮凹陷古近系沙河街组层序地层,http://rss.cnki.net/rss/Getinfobydoi.aspx?doi=CNKI:SUN:ZKZX.0.2015-15-004,2011
14,黄捍东|彭勇民|罗群|,中国石油大学(北京)CNPC物探重点实验室|中国石油大学(北京)CNPC物探重点实验室 北京102200|,油气地质与采收率,b1d5ccfe-833d-11e8-aa94-408d5c0cc128,超短期旋回|高分辨率层序地层|沙二段下亚段|东濮凹陷|,aa7c51f0-833d-11e8-98e2-408d5c0cc128,东濮凹陷文南油田文138断块沙二段下亚段层序地层,http://rss.cnki.net/rss/Getinfobydoi.aspx?doi=CNKI:SUN:ZKZX.0.2015-15-004,2007
15,熊运斌|王德发|田世澄|李春玉|高有瑞|谭学群|,中国地质大学能源地质系|中国石油化工集团公司中原油田分公司勘探开发科学研究院 北京100083中国石油化工集团公司中原油田分公司勘探开发科学研究院|河南濮阳457001|北京100083|,地质科技情报,b3db9176-833d-11e8-b4cc-408d5c0cc128,文南油田|沉积环境|地球化学|古生物|微相|,aa7c51f0-833d-11e8-98e2-408d5c0cc128,文南油田沙二下亚段沉积微相特征研究,http://rss.cnki.net/rss/Getinfobydoi.aspx?doi=CNKI:SUN:ZKZX.0.2015-15-004,2003
16,赵祥春|纪友亮|赵俊青|,同济大学|石油大学|石油大学 东营|,油气地质与采收率,b5c8ba1e-833d-11e8-ab00-408d5c0cc128,层序地层学|模式|下第三系|沙三段|东濮凹陷|,aa7c51f0-833d-11e8-98e2-408d5c0cc128,东濮凹陷下第三系沙三段高频层序地层学模式,http://rss.cnki.net/rss/Getinfobydoi.aspx?doi=CNKI:SUN:ZKZX.0.2015-15-004,2003
17,郑鸿稳|,中原油田分公司勘探事业部 河南濮阳457001|,石油学报,b79c0ab8-833d-11e8-b89d-408d5c0cc128,东濮凹陷|沙三段|层序地层学模式|储层分布|岩性油气藏|,aa7c51f0-833d-11e8-98e2-408d5c0cc128,东濮凹陷下第三系层序地层学模式,http://rss.cnki.net/rss/Getinfobydoi.aspx?doi=CNKI:SUN:ZKZX.0.2015-15-004,2002
18,Timothy A.Cross|,Colorado School of Mines!USA|,地学前缘,b9c7ed4c-833d-11e8-aeae-408d5c0cc128,陆相盆地|地层控制|储层特征|河道砂岩|,aa7c51f0-833d-11e8-98e2-408d5c0cc128,地层因素对陆相沉积储层特征的控制(英文),http://rss.cnki.net/rss/Getinfobydoi.aspx?doi=CNKI:SUN:ZKZX.0.2015-15-004,2000
19,邓宏文|王洪亮|李熙|,中国地质大学|北京石油勘探开发科学研究院|,石油与天然气地质,bb70a1ba-833d-11e8-bdcc-408d5c0cc128,层序地层|基准面旋回|识别|对比技术|等时对比|应用|,aa7c51f0-833d-11e8-98e2-408d5c0cc128,层序地层地层基准面的识别、对比技术及应用,http://rss.cnki.net/rss/Getinfobydoi.aspx?doi=CNKI:SUN:ZKZX.0.2015-15-004,1996
20,邓宏文|,中国地质大学|,石油与天然气地质,bce5c224-833d-11e8-bcda-408d5c0cc128,高分辨率|层序地层学|基准面|体积划分|相分异|等时对比|,aa7c51f0-833d-11e8-98e2-408d5c0cc128,美国层序地层研究中的新学派──高分辨率层序地层学,http://rss.cnki.net/rss/Getinfobydoi.aspx?doi=CNKI:SUN:ZKZX.0.2015-15-004,1995
21,刘洛夫|徐敬领|高鹏|邹长春|王远征|徐新宇|,中国石油大学 油气资源与探测国家重点实验室|中国石油大学地球科学学院|中国地质大学 地下信息探测技术与仪器教育部重点实验室|中国地质大学地球物理与信息技术院|中国石油大庆油田有限责任公司第二采油厂地质大队|中国石油冀东油田公司陆上油田作业区工艺研究所|中国石油海外勘探开发分公司|,石油与天然气地质,c0176e58-833d-11e8-ba64-408d5c0cc128,测井数据|滤波分析|等时对比|地层划分|,aa7c51f0-833d-11e8-98e2-408d5c0cc128,综合预测误差滤波分析方法在地层划分及等时对比中的应用,http://rss.cnki.net/rss/Getinfobydoi.aspx?doi=CNKI:SUN:ZKZX.0.2015-15-004,2013
22,高红灿|郑荣才|陈发亮|韩福民|刘云|,"中国石化中原油田博士后科研工作站|中国石化中原油田分公司物探研究院|成都理工大学""油气藏地质及开发工程""国家重点实验室|",石油与天然气地质,c1ce1b38-833d-11e8-922a-408d5c0cc128,层序地层|沙河街组|古近系|东濮凹陷|渤海湾盆地|,aa7c51f0-833d-11e8-98e2-408d5c0cc128,渤海湾盆地东濮凹陷古近系沙河街组层序地层,http://rss.cnki.net/rss/Getinfobydoi.aspx?doi=CNKI:SUN:ZKZX.0.2015-15-004,2011
23,黄捍东|彭勇民|罗群|,中国石油大学(北京)CNPC物探重点实验室|中国石油大学(北京)CNPC物探重点实验室 北京102200|,油气地质与采收率,c3a5a1c6-833d-11e8-b104-408d5c0cc128,超短期旋回|高分辨率层序地层|沙二段下亚段|东濮凹陷|,aa7c51f0-833d-11e8-98e2-408d5c0cc128,东濮凹陷文南油田文138断块沙二段下亚段层序地层,http://rss.cnki.net/rss/Getinfobydoi.aspx?doi=CNKI:SUN:ZKZX.0.2015-15-004,2007
24,熊运斌|王德发|田世澄|李春玉|高有瑞|谭学群|,中国地质大学能源地质系|中国石油化工集团公司中原油田分公司勘探开发科学研究院 北京100083中国石油化工集团公司中原油田分公司勘探开发科学研究院|河南濮阳457001|北京100083|,地质科技情报,c5a6f064-833d-11e8-b508-408d5c0cc128,文南油田|沉积环境|地球化学|古生物|微相|,aa7c51f0-833d-11e8-98e2-408d5c0cc128,文南油田沙二下亚段沉积微相特征研究,http://rss.cnki.net/rss/Getinfobydoi.aspx?doi=CNKI:SUN:ZKZX.0.2015-15-004,2003
25,赵祥春|纪友亮|赵俊青|,同济大学|石油大学|石油大学 东营|,油气地质与采收率,c74f8df8-833d-11e8-9270-408d5c0cc128,层序地层学|模式|下第三系|沙三段|东濮凹陷|,aa7c51f0-833d-11e8-98e2-408d5c0cc128,东濮凹陷下第三系沙三段高频层序地层学模式,http://rss.cnki.net/rss/Getinfobydoi.aspx?doi=CNKI:SUN:ZKZX.0.2015-15-004,2003
26,郑鸿稳|,中原油田分公司勘探事业部 河南濮阳457001|,石油学报,c90c1f34-833d-11e8-ac87-408d5c0cc128,东濮凹陷|沙三段|层序地层学模式|储层分布|岩性油气藏|,aa7c51f0-833d-11e8-98e2-408d5c0cc128,东濮凹陷下第三系层序地层学模式,http://rss.cnki.net/rss/Getinfobydoi.aspx?doi=CNKI:SUN:ZKZX.0.2015-15-004,2002
27,Timothy A.Cross|,Colorado School of Mines!USA|,地学前缘,cb20c208-833d-11e8-ada5-408d5c0cc128,陆相盆地|地层控制|储层特征|河道砂岩|,aa7c51f0-833d-11e8-98e2-408d5c0cc128,地层因素对陆相沉积储层特征的控制(英文),http://rss.cnki.net/rss/Getinfobydoi.aspx?doi=CNKI:SUN:ZKZX.0.2015-15-004,2000
28,邓宏文|王洪亮|李熙|,中国地质大学|北京石油勘探开发科学研究院|,石油与天然气地质,cca79418-833d-11e8-ac03-408d5c0cc128,层序地层|基准面旋回|识别|对比技术|等时对比|应用|,aa7c51f0-833d-11e8-98e2-408d5c0cc128,层序地层地层基准面的识别、对比技术及应用,http://rss.cnki.net/rss/Getinfobydoi.aspx?doi=CNKI:SUN:ZKZX.0.2015-15-004,1996
29,邓宏文|,中国地质大学|,石油与天然气地质,ce27ce6e-833d-11e8-b752-408d5c0cc128,高分辨率|层序地层学|基准面|体积划分|相分异|等时对比|,aa7c51f0-833d-11e8-98e2-408d5c0cc128,美国层序地层研究中的新学派──高分辨率层序地层学,http://rss.cnki.net/rss/Getinfobydoi.aspx?doi=CNKI:SUN:ZKZX.0.2015-15-004,1995
30,于涛|张金亮|张鹏辉|范忠礼|孙中强|薛欢欢|王梦琪|,山东科技大学地球科学与工程学院|北京师范大学资源学院|,中国科技论文,d12231e8-833d-11e8-9c8c-408d5c0cc128,地质学|文79块|沙二下亚段|沉积相|沉积环境|碎屑岩|粒度概率累积曲线|东濮凹陷|,,东濮凹陷文79断块沙二下亚段沉积环境粒度概率累积曲线特征,http://rss.cnki.net/rss/Getinfobydoi.aspx?doi=CNKI:SUN:ZKZX.0.2015-21-012,2015
31,孙中强|张金亮|范忠礼|刘龙龙|薛欢欢|于涛|,山东科技大学地球科学与工程学院|北京师范大学资源学院|,中国科技论文,d4665a54-833d-11e8-8b61-408d5c0cc128,地质学|沉积微相|文79断块|沙二下亚段|分支河|微相划分|沉积微相建模|,d12231e8-833d-11e8-9c8c-408d5c0cc128,东濮凹陷文南油田文79块沙二下亚段沉积微相研究,http://rss.cnki.net/rss/Getinfobydoi.aspx?doi=CNKI:SUN:ZKZX.0.2015-21-012,2015
32,薛欢欢|张金亮|李景哲|孙中强|于涛|王广群|,山东科技大学地球科学与工程学院|北京师范大学资源学院|,中国科技论文,d5eecb82-833d-11e8-b0ad-408d5c0cc128,东濮凹陷|文79区块|沙河街组|层序地层格架|沉积相分布|,d12231e8-833d-11e8-9c8c-408d5c0cc128,东濮凹陷文79块沙二下亚段高分辨率层序地层结构模型研究,http://rss.cnki.net/rss/Getinfobydoi.aspx?doi=CNKI:SUN:ZKZX.0.2015-21-012,2015
33,杨飞|邹妞妞|史基安|龙国徽|姜华|柳双权|杜忠明|许野|李亚锋|,中国科学院油气资源研究重点实验室|中国科学院大学|中国石油青海油田分公司勘探开发研究院|中国石油勘探开发研究院石油地质研究所|中国石油大学|,天然气地球科学,d7d72058-833d-11e8-bab8-408d5c0cc128,柴北缘|马仙地区|粒度概率累积曲线特征|粒度分析|沉积环境|,d12231e8-833d-11e8-9c8c-408d5c0cc128,柴达木盆地北缘马仙地区古近系碎屑岩沉积环境粒度概率累积曲线特征,http://rss.cnki.net/rss/Getinfobydoi.aspx?doi=CNKI:SUN:ZKZX.0.2015-21-012,2013
34,余丽玲|尤英|冯晗|夏平|,油气资源与勘探技术教育部重点实验室(长江大学) 长江大学地球科学学院|,长江大学学报(自然科学版),d9ab310a-833d-11e8-9577-408d5c0cc128,江陵凹陷|白垩系|渔洋组|粒度概率累积曲线|粒度分析|,d12231e8-833d-11e8-9c8c-408d5c0cc128,江陵凹陷白垩系陆相碎屑岩粒度概率累积曲线特征研究,http://rss.cnki.net/rss/Getinfobydoi.aspx?doi=CNKI:SUN:ZKZX.0.2015-21-012,2013
35,袁静|杨学君|路智勇|陈武杰|樊海琳|袁凌荣|,中国石油大学地球资源与信息学院|中国石油化工股份有限公司胜利油田分公司东辛采油厂|延长油田股份有限公司化验中心|大庆油田第四采油厂|,沉积学报,db950d08-833d-11e8-8b8b-408d5c0cc128,近岸水下扇|砂砾岩|粒度概率累积曲线|沙四上亚段|东营凹陷|,d12231e8-833d-11e8-9c8c-408d5c0cc128,东营凹陷盐22块沙四上亚段砂砾岩粒度概率累积曲线特征,http://rss.cnki.net/rss/Getinfobydoi.aspx?doi=CNKI:SUN:ZKZX.0.2015-21-012,2011
36,张东霞|倪军锋|曹秋霞|秦志强|,中原油田分公司勘探开发科学研究院|中原油田分公司采油五厂|陕西延长石油(集团)有限责任公司研究院|,内蒙古石油化工,ddccf49c-833d-11e8-996a-408d5c0cc128,东濮凹陷|沙二下亚段|沉积构造特征|沉积体系|微相|,d12231e8-833d-11e8-9c8c-408d5c0cc128,东濮凹陷文南地区沙二下亚段沉积相研究,http://rss.cnki.net/rss/Getinfobydoi.aspx?doi=CNKI:SUN:ZKZX.0.2015-21-012,2010
37,董刚|纪友亮|张金亮|王秀林|常振恒|彭军|,中国海洋大学海洋地球科学学院|中国石油大学(北京)资源与信息学院|中石化中原油田勘探开发研究院|,中国海洋大学学报(自然科学版),dff7bfc6-833d-11e8-8d77-408d5c0cc128,文南地区|沙二下亚段|湖泊沉积体系|沉积模式|,d12231e8-833d-11e8-9c8c-408d5c0cc128,东濮凹陷文南地区沙二下亚段湖泊相沉积特征,http://rss.cnki.net/rss/Getinfobydoi.aspx?doi=CNKI:SUN:ZKZX.0.2015-21-012,2009
38,黄捍东|彭勇民|罗群|,中国石油大学(北京)CNPC物探重点实验室|中国石油大学(北京)CNPC物探重点实验室 北京102200|,油气地质与采收率,e1b37c46-833d-11e8-abb0-408d5c0cc128,超短期旋回|高分辨率层序地层|沙二段下亚段|东濮凹陷|,d12231e8-833d-11e8-9c8c-408d5c0cc128,东濮凹陷文南油田文138断块沙二段下亚段层序地层,http://rss.cnki.net/rss/Getinfobydoi.aspx?doi=CNKI:SUN:ZKZX.0.2015-21-012,2007
39,张金亮|戴朝强|张晓华|,中国海洋大学地球科学学院|中国海洋大学地球科学学院 青岛|266100 山东省油气勘探开发工程技术研究中心|266510|,地质论评,e3a331e6-833d-11e8-bcc6-408d5c0cc128,末端扇|濮城油田|沉积微相|分流河道|沉积模式|,d12231e8-833d-11e8-9c8c-408d5c0cc128,末端扇――在中国被忽略的一种沉积作用类型,http://rss.cnki.net/rss/Getinfobydoi.aspx?doi=CNKI:SUN:ZKZX.0.2015-21-012,2007
40,袁文芳|陈世悦|曾昌民|鄢继华|,中国石油大学地球资源与信息学院|中国石油塔里木油田分公司勘探开发研究院|中国石油大学地球资源与信息学院 山东东营257061|新疆库尔勒841000|,石油大学学报(自然科学版),e5acd470-833d-11e8-a457-408d5c0cc128,柴达木盆地|第三系|粒度概率累积曲线|粒度分析|,d12231e8-833d-11e8-9c8c-408d5c0cc128,柴达木盆地西部地区第三系碎屑岩粒度概率累积曲线特征,http://rss.cnki.net/rss/Getinfobydoi.aspx?doi=CNKI:SUN:ZKZX.0.2015-21-012,2005
41,孙中强|张金亮|范忠礼|刘龙龙|薛欢欢|于涛|,山东科技大学地球科学与工程学院|北京师范大学资源学院|,中国科技论文,e8a1bee8-833d-11e8-a173-408d5c0cc128,地质学|沉积微相|文79断块|沙二下亚段|分支河|微相划分|沉积微相建模|,d12231e8-833d-11e8-9c8c-408d5c0cc128,东濮凹陷文南油田文79块沙二下亚段沉积微相研究,http://rss.cnki.net/rss/Getinfobydoi.aspx?doi=CNKI:SUN:ZKZX.0.2015-21-012,2015
42,薛欢欢|张金亮|李景哲|孙中强|于涛|王广群|,山东科技大学地球科学与工程学院|北京师范大学资源学院|,中国科技论文,ea39622c-833d-11e8-8494-408d5c0cc128,东濮凹陷|文79区块|沙河街组|层序地层格架|沉积相分布|,d12231e8-833d-11e8-9c8c-408d5c0cc128,东濮凹陷文79块沙二下亚段高分辨率层序地层结构模型研究,http://rss.cnki.net/rss/Getinfobydoi.aspx?doi=CNKI:SUN:ZKZX.0.2015-21-012,2015
43,杨飞|邹妞妞|史基安|龙国徽|姜华|柳双权|杜忠明|许野|李亚锋|,中国科学院油气资源研究重点实验室|中国科学院大学|中国石油青海油田分公司勘探开发研究院|中国石油勘探开发研究院石油地质研究所|中国石油大学|,天然气地球科学,ec11e930-833d-11e8-b56f-408d5c0cc128,柴北缘|马仙地区|粒度概率累积曲线特征|粒度分析|沉积环境|,d12231e8-833d-11e8-9c8c-408d5c0cc128,柴达木盆地北缘马仙地区古近系碎屑岩沉积环境粒度概率累积曲线特征,http://rss.cnki.net/rss/Getinfobydoi.aspx?doi=CNKI:SUN:ZKZX.0.2015-21-012,2013
44,余丽玲|尤英|冯晗|夏平|,油气资源与勘探技术教育部重点实验室(长江大学) 长江大学地球科学学院|,长江大学学报(自然科学版),edc78794-833d-11e8-972d-408d5c0cc128,江陵凹陷|白垩系|渔洋组|粒度概率累积曲线|粒度分析|,d12231e8-833d-11e8-9c8c-408d5c0cc128,江陵凹陷白垩系陆相碎屑岩粒度概率累积曲线特征研究,http://rss.cnki.net/rss/Getinfobydoi.aspx?doi=CNKI:SUN:ZKZX.0.2015-21-012,2013
45,袁静|杨学君|路智勇|陈武杰|樊海琳|袁凌荣|,中国石油大学地球资源与信息学院|中国石油化工股份有限公司胜利油田分公司东辛采油厂|延长油田股份有限公司化验中心|大庆油田第四采油厂|,沉积学报,ef818886-833d-11e8-a08a-408d5c0cc128,近岸水下扇|砂砾岩|粒度概率累积曲线|沙四上亚段|东营凹陷|,d12231e8-833d-11e8-9c8c-408d5c0cc128,东营凹陷盐22块沙四上亚段砂砾岩粒度概率累积曲线特征,http://rss.cnki.net/rss/Getinfobydoi.aspx?doi=CNKI:SUN:ZKZX.0.2015-21-012,2011
46,张东霞|倪军锋|曹秋霞|秦志强|,中原油田分公司勘探开发科学研究院|中原油田分公司采油五厂|陕西延长石油(集团)有限责任公司研究院|,内蒙古石油化工,f14cee18-833d-11e8-a297-408d5c0cc128,东濮凹陷|沙二下亚段|沉积构造特征|沉积体系|微相|,d12231e8-833d-11e8-9c8c-408d5c0cc128,东濮凹陷文南地区沙二下亚段沉积相研究,http://rss.cnki.net/rss/Getinfobydoi.aspx?doi=CNKI:SUN:ZKZX.0.2015-21-012,2010
47,董刚|纪友亮|张金亮|王秀林|常振恒|彭军|,中国海洋大学海洋地球科学学院|中国石油大学(北京)资源与信息学院|中石化中原油田勘探开发研究院|,中国海洋大学学报(自然科学版),f357d95c-833d-11e8-824c-408d5c0cc128,文南地区|沙二下亚段|湖泊沉积体系|沉积模式|,d12231e8-833d-11e8-9c8c-408d5c0cc128,东濮凹陷文南地区沙二下亚段湖泊相沉积特征,http://rss.cnki.net/rss/Getinfobydoi.aspx?doi=CNKI:SUN:ZKZX.0.2015-21-012,2009
48,黄捍东|彭勇民|罗群|,中国石油大学(北京)CNPC物探重点实验室|中国石油大学(北京)CNPC物探重点实验室 北京102200|,油气地质与采收率,f5a3140c-833d-11e8-802b-408d5c0cc128,超短期旋回|高分辨率层序地层|沙二段下亚段|东濮凹陷|,d12231e8-833d-11e8-9c8c-408d5c0cc128,东濮凹陷文南油田文138断块沙二段下亚段层序地层,http://rss.cnki.net/rss/Getinfobydoi.aspx?doi=CNKI:SUN:ZKZX.0.2015-21-012,2007
49,张金亮|戴朝强|张晓华|,中国海洋大学地球科学学院|中国海洋大学地球科学学院 青岛|266100 山东省油气勘探开发工程技术研究中心|266510|,地质论评,f758d702-833d-11e8-baf3-408d5c0cc128,末端扇|濮城油田|沉积微相|分流河道|沉积模式|,d12231e8-833d-11e8-9c8c-408d5c0cc128,末端扇――在中国被忽略的一种沉积作用类型,http://rss.cnki.net/rss/Getinfobydoi.aspx?doi=CNKI:SUN:ZKZX.0.2015-21-012,2007
50,袁文芳|陈世悦|曾昌民|鄢继华|,中国石油大学地球资源与信息学院|中国石油塔里木油田分公司勘探开发研究院|中国石油大学地球资源与信息学院 山东东营257061|新疆库尔勒841000|,石油大学学报(自然科学版),fc714658-833d-11e8-9ee2-408d5c0cc128,柴达木盆地|第三系|粒度概率累积曲线|粒度分析|,d12231e8-833d-11e8-9c8c-408d5c0cc128,柴达木盆地西部地区第三系碎屑岩粒度概率累积曲线特征,http://rss.cnki.net/rss/Getinfobydoi.aspx?doi=CNKI:SUN:ZKZX.0.2015-21-012,2005
51,黄彦庆|张昌民|汤军|窦焕成|,长江大学|中原油田分公司采油四厂|,油气地质与采收率,ff65a99a-833d-11e8-90d0-408d5c0cc128,沉积微相|三角洲前缘|含油性|文79断块区|,d12231e8-833d-11e8-9c8c-408d5c0cc128,文留地区文79断块沙二段下亚段沉积微相与含油性关系,http://rss.cnki.net/rss/Getinfobydoi.aspx?doi=CNKI:SUN:ZKZX.0.2015-21-012,2004
52,杨世刚|,中国地质大学 湖北 武汉 43007 中原油田分公司油藏监测中心 河南 濮阳 457001|,中国矿业大学学报,012c9f82-833e-11e8-818b-408d5c0cc128,东濮凹陷|断裂构造|复杂程度|评价|,d12231e8-833d-11e8-9c8c-408d5c0cc128,东濮凹陷断裂构造的复杂程度评价,http://rss.cnki.net/rss/Getinfobydoi.aspx?doi=CNKI:SUN:ZKZX.0.2015-21-012,2004
53,袁静|杜玉民|李云南|,华东石油大学|中国石化胜利油田临盘采油厂|,石油勘探与开发,036c45de-833e-11e8-bdf8-408d5c0cc128,惠民凹陷|古近系|沉积环境|粒度概率累积曲线|特征|,d12231e8-833d-11e8-9c8c-408d5c0cc128,惠民凹陷古近系碎屑岩主要沉积环境粒度概率累积曲线特征,http://rss.cnki.net/rss/Getinfobydoi.aspx?doi=CNKI:SUN:ZKZX.0.2015-21-012,2003
54,熊运斌|王德发|田世澄|李春玉|高有瑞|谭学群|,中国地质大学能源地质系|中国石油化工集团公司中原油田分公司勘探开发科学研究院 北京100083中国石油化工集团公司中原油田分公司勘探开发科学研究院|河南濮阳457001|北京100083|,地质科技情报,05500966-833e-11e8-8b85-408d5c0cc128,文南油田|沉积环境|地球化学|古生物|微相|,d12231e8-833d-11e8-9c8c-408d5c0cc128,文南油田沙二下亚段沉积微相特征研究,http://rss.cnki.net/rss/Getinfobydoi.aspx?doi=CNKI:SUN:ZKZX.0.2015-21-012,2003
55,董刚|纪友亮|张金亮|王秀林|常振恒|彭军|,中国海洋大学海洋地球科学学院|中国石油大学(北京)资源与信息学院|中石化中原油田勘探开发研究院|,中国海洋大学学报(自然科学版),08c0b9dc-833e-11e8-b4be-408d5c0cc128,文南地区|沙二下亚段|湖泊沉积体系|沉积模式|,,东濮凹陷文南地区沙二下亚段湖泊相沉积特征,http://rss.cnki.net/rss/Getinfobydoi.aspx?doi=CNKI:SUN:QDHY.0.2009-S1-074,2009
56,王蛟|,中国石油化工股份有限公司胜利油田分公司博士后科研工作站 山东东营257015中国石油化工股份有限公司胜利油田分公司孤岛采油厂山东东营257231|,沉积学报,0c2b08f8-833e-11e8-9577-408d5c0cc128,孤岛油田|馆陶组|馆1+2砂层组|浅水湖泊|沉积模式|,08c0b9dc-833e-11e8-b4be-408d5c0cc128,山东孤岛油田馆陶组沉积晚期浅水振荡湖泊沉积,http://rss.cnki.net/rss/Getinfobydoi.aspx?doi=CNKI:SUN:QDHY.0.2009-S1-074,2007
57,苏惠|曲丽萍|张金川|王萍霞|何锋|王敏|王琦|胡玉杰|,中国地质大学|中国石化中原油田勘探开发科学研究院 河南濮阳457001|中国石化石油勘探开发研究院|中国石化中原油田勘察设计研究院|北京100083|,石油与天然气地质,0db21a62-833e-11e8-9303-408d5c0cc128,伸展量|伸展模式|构造演化|裂陷盆地|东濮凹陷|,08c0b9dc-833e-11e8-b4be-408d5c0cc128,裂陷盆地构造演化及盆地伸展模式――以东濮凹陷为例,http://rss.cnki.net/rss/Getinfobydoi.aspx?doi=CNKI:SUN:QDHY.0.2009-S1-074,2006
58,郭建华|朱美衡|刘辰生|王明艳|,中南大学地学与环境工程学院|中南大学地学与环境工程学院 湖南长沙　410083|,矿物岩石,0fa3cc9e-833e-11e8-b4d8-408d5c0cc128,断陷盆地|湖平面变化曲线|层序地层学|T-R旋回|,08c0b9dc-833e-11e8-b4be-408d5c0cc128,陆相断陷盆地湖平面变化曲线与层序地层学框架模式讨论,http://rss.cnki.net/rss/Getinfobydoi.aspx?doi=CNKI:SUN:QDHY.0.2009-S1-074,2005
59,吴智勇|郭建华|吴东胜|何宏|,江汉石油学院!湖北荆州434102|,沉积学报,11a2d82c-833e-11e8-8303-408d5c0cc128,冲积扇|沉积旋回|沙二段|断陷湖盆|东濮凹陷|,08c0b9dc-833e-11e8-b4be-408d5c0cc128,东濮断陷湖盆下第三系沙二段的冲积扇沉积,http://rss.cnki.net/rss/Getinfobydoi.aspx?doi=CNKI:SUN:QDHY.0.2009-S1-074,1999
60,王生朗|,中原石油勘探局勘探开发科学研究院!河南省濮阳市|457001|,断块油气田,132946ac-833e-11e8-a3c8-408d5c0cc128,沉积相|沉积特征|浅水|湖泊|东濮凹陷|,08c0b9dc-833e-11e8-b4be-408d5c0cc128,一种广盆式浅水湖泊沉积特点,http://rss.cnki.net/rss/Getinfobydoi.aspx?doi=CNKI:SUN:QDHY.0.2009-S1-074,1998
61,王蛟|,中国石油化工股份有限公司胜利油田分公司博士后科研工作站 山东东营257015中国石油化工股份有限公司胜利油田分公司孤岛采油厂山东东营257231|,沉积学报,16699350-833e-11e8-b2e1-408d5c0cc128,孤岛油田|馆陶组|馆1+2砂层组|浅水湖泊|沉积模式|,08c0b9dc-833e-11e8-b4be-408d5c0cc128,山东孤岛油田馆陶组沉积晚期浅水振荡湖泊沉积,http://rss.cnki.net/rss/Getinfobydoi.aspx?doi=CNKI:SUN:QDHY.0.2009-S1-074,2007
62,苏惠|曲丽萍|张金川|王萍霞|何锋|王敏|王琦|胡玉杰|,中国地质大学|中国石化中原油田勘探开发科学研究院 河南濮阳457001|中国石化石油勘探开发研究院|中国石化中原油田勘察设计研究院|北京100083|,石油与天然气地质,17fc18d8-833e-11e8-aeed-408d5c0cc128,伸展量|伸展模式|构造演化|裂陷盆地|东濮凹陷|,08c0b9dc-833e-11e8-b4be-408d5c0cc128,裂陷盆地构造演化及盆地伸展模式――以东濮凹陷为例,http://rss.cnki.net/rss/Getinfobydoi.aspx?doi=CNKI:SUN:QDHY.0.2009-S1-074,2006
63,郭建华|朱美衡|刘辰生|王明艳|,中南大学地学与环境工程学院|中南大学地学与环境工程学院 湖南长沙　410083|,矿物岩石,19c8bbf4-833e-11e8-a6b4-408d5c0cc128,断陷盆地|湖平面变化曲线|层序地层学|T-R旋回|,08c0b9dc-833e-11e8-b4be-408d5c0cc128,陆相断陷盆地湖平面变化曲线与层序地层学框架模式讨论,http://rss.cnki.net/rss/Getinfobydoi.aspx?doi=CNKI:SUN:QDHY.0.2009-S1-074,2005
64,吴智勇|郭建华|吴东胜|何宏|,江汉石油学院!湖北荆州434102|,沉积学报,1b950150-833e-11e8-8e09-408d5c0cc128,冲积扇|沉积旋回|沙二段|断陷湖盆|东濮凹陷|,08c0b9dc-833e-11e8-b4be-408d5c0cc128,东濮断陷湖盆下第三系沙二段的冲积扇沉积,http://rss.cnki.net/rss/Getinfobydoi.aspx?doi=CNKI:SUN:QDHY.0.2009-S1-074,1999
65,王生朗|,中原石油勘探局勘探开发科学研究院!河南省濮阳市|457001|,断块油气田,1d15b73a-833e-11e8-9a6b-408d5c0cc128,沉积相|沉积特征|浅水|湖泊|东濮凹陷|,08c0b9dc-833e-11e8-b4be-408d5c0cc128,一种广盆式浅水湖泊沉积特点,http://rss.cnki.net/rss/Getinfobydoi.aspx?doi=CNKI:SUN:QDHY.0.2009-S1-074,1998
66,孙中强|张金亮|范忠礼|刘龙龙|薛欢欢|于涛|,山东科技大学地球科学与工程学院|北京师范大学资源学院|,中国科技论文,200b22ec-833e-11e8-ac71-408d5c0cc128,地质学|沉积微相|文79断块|沙二下亚段|分支河|微相划分|沉积微相建模|,,东濮凹陷文南油田文79块沙二下亚段沉积微相研究,http://rss.cnki.net/rss/Getinfobydoi.aspx?doi=CNKI:SUN:ZKZX.0.2015-15-019,2015
67,张文成|常振恒|袁伟|李占杰|魏秀玲|李秀朋|谢勇智|,长江大学地球科学学院|中原油田分公司采油三厂|中原油田分公司勘探开发科学研究院|,沉积与特提斯地质,235c31d8-833e-11e8-915c-408d5c0cc128,文南油田|沉积相|演化规律|储层特征|,200b22ec-833e-11e8-ac71-408d5c0cc128,文南油田沙二下亚段沉积相特征及演化规律研究,http://rss.cnki.net/rss/Getinfobydoi.aspx?doi=CNKI:SUN:ZKZX.0.2015-15-019,2010
68,岳大力|吴胜和|林承焰|,中国石油大学资源与信息学院|中国石油大学地球资源与信息学院|,中国科技论文在线,24d37c06-833e-11e8-9dec-408d5c0cc128,石油与天然气地质学|研究进展|流动单元|储层构型|剩余油|,200b22ec-833e-11e8-ac71-408d5c0cc128,碎屑岩储层流动单元研究进展,http://rss.cnki.net/rss/Getinfobydoi.aspx?doi=CNKI:SUN:ZKZX.0.2015-15-019,2008
69,王国光|王艳忠|操应长|王淑萍|宋玉斌|,中国科学院广州地球化学研究所|中国石油大学(华东)地球资源与信息学院|中国石油塔里木油田公司勘探事业部 广东广州510640|中国石化股份胜利油田分公司勘探处|山东东营257001|山东东营257061|新疆库尔勒841000|,油气地质与采收率,26cecf0a-833e-11e8-ab58-408d5c0cc128,沙河街组|三角洲|粒度概率累积曲线|组合特征|临邑洼陷|,200b22ec-833e-11e8-ac71-408d5c0cc128,临邑洼陷南斜坡沙河街组三角洲沉积微相粒度概率累积曲线组合特征,http://rss.cnki.net/rss/Getinfobydoi.aspx?doi=CNKI:SUN:ZKZX.0.2015-15-019,2006
70,袁文芳|陈世悦|曾昌民|鄢继华|,中国石油大学地球资源与信息学院|中国石油塔里木油田分公司勘探开发研究院|中国石油大学地球资源与信息学院 山东东营257061|新疆库尔勒841000|,石油大学学报(自然科学版),28d48c80-833e-11e8-9d24-408d5c0cc128,柴达木盆地|第三系|粒度概率累积曲线|粒度分析|,200b22ec-833e-11e8-ac71-408d5c0cc128,柴达木盆地西部地区第三系碎屑岩粒度概率累积曲线特征,http://rss.cnki.net/rss/Getinfobydoi.aspx?doi=CNKI:SUN:ZKZX.0.2015-15-019,2005
71,袁静|杜玉民|李云南|,华东石油大学|中国石化胜利油田临盘采油厂|,石油勘探与开发,2adb8270-833e-11e8-8461-408d5c0cc128,惠民凹陷|古近系|沉积环境|粒度概率累积曲线|特征|,200b22ec-833e-11e8-ac71-408d5c0cc128,惠民凹陷古近系碎屑岩主要沉积环境粒度概率累积曲线特征,http://rss.cnki.net/rss/Getinfobydoi.aspx?doi=CNKI:SUN:ZKZX.0.2015-15-019,2003
72,侯加根|,石油大学!华东|,石油勘探与开发,2cb88bd8-833e-11e8-a961-408d5c0cc128,三角洲|沉积微相|砂岩体|水驱|开发效果|剩余油|文留油田|,200b22ec-833e-11e8-ac71-408d5c0cc128,文南油田文79断块区沙二下亚段沉积微相与开发效果分析,http://rss.cnki.net/rss/Getinfobydoi.aspx?doi=CNKI:SUN:ZKZX.0.2015-15-019,2000
73,张文成|常振恒|袁伟|李占杰|魏秀玲|李秀朋|谢勇智|,长江大学地球科学学院|中原油田分公司采油三厂|中原油田分公司勘探开发科学研究院|,沉积与特提斯地质,2fdfd25c-833e-11e8-8bb7-408d5c0cc128,文南油田|沉积相|演化规律|储层特征|,200b22ec-833e-11e8-ac71-408d5c0cc128,文南油田沙二下亚段沉积相特征及演化规律研究,http://rss.cnki.net/rss/Getinfobydoi.aspx?doi=CNKI:SUN:ZKZX.0.2015-15-019,2010
74,岳大力|吴胜和|林承焰|,中国石油大学资源与信息学院|中国石油大学地球资源与信息学院|,中国科技论文在线,316e6ed0-833e-11e8-a4f3-408d5c0cc128,石油与天然气地质学|研究进展|流动单元|储层构型|剩余油|,200b22ec-833e-11e8-ac71-408d5c0cc128,碎屑岩储层流动单元研究进展,http://rss.cnki.net/rss/Getinfobydoi.aspx?doi=CNKI:SUN:ZKZX.0.2015-15-019,2008
75,王国光|王艳忠|操应长|王淑萍|宋玉斌|,中国科学院广州地球化学研究所|中国石油大学(华东)地球资源与信息学院|中国石油塔里木油田公司勘探事业部 广东广州510640|中国石化股份胜利油田分公司勘探处|山东东营257001|山东东营257061|新疆库尔勒841000|,油气地质与采收率,3343c3e8-833e-11e8-a657-408d5c0cc128,沙河街组|三角洲|粒度概率累积曲线|组合特征|临邑洼陷|,200b22ec-833e-11e8-ac71-408d5c0cc128,临邑洼陷南斜坡沙河街组三角洲沉积微相粒度概率累积曲线组合特征,http://rss.cnki.net/rss/Getinfobydoi.aspx?doi=CNKI:SUN:ZKZX.0.2015-15-019,2006
76,袁文芳|陈世悦|曾昌民|鄢继华|,中国石油大学地球资源与信息学院|中国石油塔里木油田分公司勘探开发研究院|中国石油大学地球资源与信息学院 山东东营257061|新疆库尔勒841000|,石油大学学报(自然科学版),36cf5ff6-833e-11e8-879b-408d5c0cc128,柴达木盆地|第三系|粒度概率累积曲线|粒度分析|,200b22ec-833e-11e8-ac71-408d5c0cc128,柴达木盆地西部地区第三系碎屑岩粒度概率累积曲线特征,http://rss.cnki.net/rss/Getinfobydoi.aspx?doi=CNKI:SUN:ZKZX.0.2015-15-019,2005
77,张金亮|,江汉石油学院岩矿教研室|,江汉石油学院学报,39a71b76-833e-11e8-800d-408d5c0cc128,,,东濮凹陷桥口地区沙三段的沉积相,http://rss.cnki.net/rss/Getinfobydoi.aspx?doi=CNKI:SUN:JHSX.0.1987-01-001,1987
78,余素玉|,武汉地质学院|,石油实验地质,3c96ff34-833e-11e8-a6c7-408d5c0cc128,,39a71b76-833e-11e8-800d-408d5c0cc128,重力流沉积砂岩的镜下结构标志―含斑性,http://rss.cnki.net/rss/Getinfobydoi.aspx?doi=CNKI:SUN:JHSX.0.1987-01-001,1984
79,余素玉|,武汉地质学院|,石油实验地质,3f6c18cc-833e-11e8-a874-408d5c0cc128,,39a71b76-833e-11e8-800d-408d5c0cc128,重力流沉积砂岩的镜下结构标志―含斑性,http://rss.cnki.net/rss/Getinfobydoi.aspx?doi=CNKI:SUN:JHSX.0.1987-01-001,1984
80,张金亮|沈凤|,江汉石油学院|江汉石油学院 荆州 434102|,矿物岩石,4274a1ee-833e-11e8-beaf-408d5c0cc128,成岩作用|成岩相|储层特征|东濮凹陷|,,东濮凹陷桥口地区沙三段碎屑岩成岩作用与储层特征,http://rss.cnki.net/rss/Getinfobydoi.aspx?doi=CNKI:SUN:KWYS.0.1990-01-007,1990
81,张金亮|寿建峰|赵林|袁政文|,江汉石油学院|江汉石油学院 湖北沙市|,沉积学报,45728682-833e-11e8-8424-408d5c0cc128,湖泊风暴岩|重力流变形构造|冲刷-充填构造|生物活动|漫溢沉积微相|末稍沉积微相|,4274a1ee-833e-11e8-beaf-408d5c0cc128,东濮凹陷沙三段的风暴沉积,http://rss.cnki.net/rss/Getinfobydoi.aspx?doi=CNKI:SUN:KWYS.0.1990-01-007,1988
82,金强|黄醒汉|,华东石油学院石油地质教研室|华东石油学院石油地质教研室 八四届研究生|,华东石油学院学报(自然科学版),47012a28-833e-11e8-879f-408d5c0cc128,,4274a1ee-833e-11e8-beaf-408d5c0cc128,东濮凹陷早第三纪盐湖成因的探讨――一种深水成因模式,http://rss.cnki.net/rss/Getinfobydoi.aspx?doi=CNKI:SUN:KWYS.0.1990-01-007,1985
83,张金亮|寿建峰|赵林|袁政文|,江汉石油学院|江汉石油学院 湖北沙市|,沉积学报,4a0911d0-833e-11e8-bcde-408d5c0cc128,湖泊风暴岩|重力流变形构造|冲刷-充填构造|生物活动|漫溢沉积微相|末稍沉积微相|,4274a1ee-833e-11e8-beaf-408d5c0cc128,东濮凹陷沙三段的风暴沉积,http://rss.cnki.net/rss/Getinfobydoi.aspx?doi=CNKI:SUN:KWYS.0.1990-01-007,1988
84,金强|黄醒汉|,华东石油学院石油地质教研室|华东石油学院石油地质教研室 八四届研究生|,华东石油学院学报(自然科学版),4b903086-833e-11e8-aaca-408d5c0cc128,,4274a1ee-833e-11e8-beaf-408d5c0cc128,东濮凹陷早第三纪盐湖成因的探讨――一种深水成因模式,http://rss.cnki.net/rss/Getinfobydoi.aspx?doi=CNKI:SUN:KWYS.0.1990-01-007,1985
85,张金亮|寿建峰|赵林|袁政文|,江汉石油学院|江汉石油学院 湖北沙市|,沉积学报,4e8aa25c-833e-11e8-a3d2-408d5c0cc128,湖泊风暴岩|重力流变形构造|冲刷-充填构造|生物活动|漫溢沉积微相|末稍沉积微相|,,东濮凹陷沙三段的风暴沉积,http://rss.cnki.net/rss/Getinfobydoi.aspx?doi=CNKI:SUN:CJXB.0.1988-01-005,1988
86,俞惠隆|张金亮|徐伦勋|,江汉石油学院|,石油与天然气地质,5181a480-833e-11e8-9ee4-408d5c0cc128,稀土元素|地球化学|沙河街组|东濮凹陷|,,东濮凹陷沙河街组泥岩的稀土元素地球化学特征,http://rss.cnki.net/rss/Getinfobydoi.aspx?doi=CNKI:SUN:SYYT.0.1990-02-005,1990
87,郑浚茂|王德发|孙永传|,武汉地质学院北京研究生部|,沉积学报,54774ac8-833e-11e8-b1f4-408d5c0cc128,,5181a480-833e-11e8-9ee4-408d5c0cc128,东濮断陷盐湖盆地下第三系砂体类型及沉积模式,http://rss.cnki.net/rss/Getinfobydoi.aspx?doi=CNKI:SUN:SYYT.0.1990-02-005,1984
88,郑浚茂|王德发|孙永传|,武汉地质学院北京研究生部|,沉积学报,5766179e-833e-11e8-b599-408d5c0cc128,,5181a480-833e-11e8-9ee4-408d5c0cc128,东濮断陷盐湖盆地下第三系砂体类型及沉积模式,http://rss.cnki.net/rss/Getinfobydoi.aspx?doi=CNKI:SUN:SYYT.0.1990-02-005,1984
89,张鑫|张金亮|,中国海洋大学地球科学学院|中国海洋大学地球科学学院 山东青岛266003|,地质科学,5b2f8970-833e-11e8-991d-408d5c0cc128,砂岩|沉积地球化学|物源区|沙河街组四段|东营凹陷南坡|,,东营凹陷南坡沙河街组四段砂岩地球化学特征,http://rss.cnki.net/rss/Getinfobydoi.aspx?doi=CNKI:SUN:DZKX.0.2007-02-005,2007
90,张克鑫|漆家福|林会喜|,中国石油大学石油天然气成藏机理教育部重点实验室|中国石油化工集团公司胜利油田有限公司地质科学研究院 北京102249|山东东营257015|,地质科学,5e93bfee-833e-11e8-9363-408d5c0cc128,逆冲断层|埕岛―桩西―垦东潜山构造带|郯庐断裂带|中生代|鲁西济阳|,5b2f8970-833e-11e8-991d-408d5c0cc128,济阳地区埕岛―垦东构造带中生代的逆冲断层及其与郯庐断裂带的关系,http://rss.cnki.net/rss/Getinfobydoi.aspx?doi=CNKI:SUN:DZKX.0.2007-02-005,2006
91,张云峰|王清晨|李忠|,大庆石油学院勘探系|中国科学院地质与地球物理研究所|中国科学院地质与地球物理研究所 黑龙江大庆163318|北京100029|,地质科学,60daaec0-833e-11e8-bd2b-408d5c0cc128,奥陶系碳酸盐岩|储集层|成岩作用|济阳坳陷|鲁西隆起|,5b2f8970-833e-11e8-991d-408d5c0cc128,鲁西地区奥陶系碳酸盐岩储集特征及主控因素,http://rss.cnki.net/rss/Getinfobydoi.aspx?doi=CNKI:SUN:DZKX.0.2007-02-005,2006
92,张云峰|李忠|王清晨|孔庆友|,大庆石油学院勘探系黑龙江大庆|中国科学院地质与地球物理研究所|南京大学地球科学系 163318|北京100029|南京210093|,地质科学,62cdceca-833e-11e8-8cbd-408d5c0cc128,碳酸盐岩|成岩作用|孔隙演化|奥陶系储集层|鲁西隆起区|,5b2f8970-833e-11e8-991d-408d5c0cc128,鲁西隆起区奥陶系碳酸盐岩成岩作用及其对储集性的控制作用,http://rss.cnki.net/rss/Getinfobydoi.aspx?doi=CNKI:SUN:DZKX.0.2007-02-005,2005
93,于建国|李三忠|王金铎|王新红|路慎强|,中国石油化工集团公司胜利油田有限公司物探研究院山东东营|中国海洋大学海洋地球科学学院|中国石油化工集团公司胜利石油管理局物探公司|中国石油化工集团公司胜利油田有限公司物探研究院 257022|山东青岛266003|山东东营257022|山东东营257100|,地质科学,64ae4f42-833e-11e8-a21a-408d5c0cc128,东营凹陷|中央隆起带|断裂|盐|底辟构造|构造演化|,5b2f8970-833e-11e8-991d-408d5c0cc128,东营凹陷盐底辟作用与中央隆起带断裂构造成因,http://rss.cnki.net/rss/Getinfobydoi.aspx?doi=CNKI:SUN:DZKX.0.2007-02-005,2005
94,刘震|戴立昌|赵阳|许晓明|张善文|蔡进功|,石油大学石油天然气成藏机理教育部重点实验室|中国石油化工集团公司胜利油田有限公司|中国石油化工集团公司胜利油田有限公司 北京102249|山东东营257051|,地质科学,66eeaf80-833e-11e8-aae8-408d5c0cc128,地温―地压系统|异常压力|油气藏分布|济阳坳陷|,5b2f8970-833e-11e8-991d-408d5c0cc128,济阳坳陷地温―地压系统特征及其对油气藏分布的控制作用,http://rss.cnki.net/rss/Getinfobydoi.aspx?doi=CNKI:SUN:DZKX.0.2007-02-005,2005
95,鲁洪波|姜在兴|,石油大学石油资源科学系|,石油大学学报(自然科学版),68888290-833e-11e8-adff-408d5c0cc128,伊犁盆地|稀土元素|地球化学特征|岩相古地理|,5b2f8970-833e-11e8-991d-408d5c0cc128,稀土元素地球化学分析在岩相古地理研究中的应用,http://rss.cnki.net/rss/Getinfobydoi.aspx?doi=CNKI:SUN:DZKX.0.2007-02-005,1999
96,赵振华|赵惠兰|柴之芳|马淑兰|毛雪瑛|马建国|周瑶琪|,中国科学院地球化学研究所|中国科学院高能物理研究所|中国科学院高能物理研究所 贵阳|北京|,中国科学(B辑 化学 生命科学 地学),6a19da7a-833e-11e8-af86-408d5c0cc128,浑江|奥陶系界线层型|无铰纲腕足类|,5b2f8970-833e-11e8-991d-408d5c0cc128,大阳岔寒武-奥陶系界线层型剖面的无铰纲及沉积岩微量元素地球化学,http://rss.cnki.net/rss/Getinfobydoi.aspx?doi=CNKI:SUN:DZKX.0.2007-02-005,1989
97,张克鑫|漆家福|林会喜|,中国石油大学石油天然气成藏机理教育部重点实验室|中国石油化工集团公司胜利油田有限公司地质科学研究院 北京102249|山东东营257015|,地质科学,6d58a21e-833e-11e8-afdd-408d5c0cc128,逆冲断层|埕岛―桩西―垦东潜山构造带|郯庐断裂带|中生代|鲁西济阳|,5b2f8970-833e-11e8-991d-408d5c0cc128,济阳地区埕岛―垦东构造带中生代的逆冲断层及其与郯庐断裂带的关系,http://rss.cnki.net/rss/Getinfobydoi.aspx?doi=CNKI:SUN:DZKX.0.2007-02-005,2006
98,张云峰|王清晨|李忠|,大庆石油学院勘探系|中国科学院地质与地球物理研究所|中国科学院地质与地球物理研究所 黑龙江大庆163318|北京100029|,地质科学,70b7cfe8-833e-11e8-90e2-408d5c0cc128,奥陶系碳酸盐岩|储集层|成岩作用|济阳坳陷|鲁西隆起|,5b2f8970-833e-11e8-991d-408d5c0cc128,鲁西地区奥陶系碳酸盐岩储集特征及主控因素,http://rss.cnki.net/rss/Getinfobydoi.aspx?doi=CNKI:SUN:DZKX.0.2007-02-005,2006
99,张云峰|李忠|王清晨|孔庆友|,大庆石油学院勘探系黑龙江大庆|中国科学院地质与地球物理研究所|南京大学地球科学系 163318|北京100029|南京210093|,地质科学,7279fb2c-833e-11e8-9f25-408d5c0cc128,碳酸盐岩|成岩作用|孔隙演化|奥陶系储集层|鲁西隆起区|,5b2f8970-833e-11e8-991d-408d5c0cc128,鲁西隆起区奥陶系碳酸盐岩成岩作用及其对储集性的控制作用,http://rss.cnki.net/rss/Getinfobydoi.aspx?doi=CNKI:SUN:DZKX.0.2007-02-005,2005
100,于建国|李三忠|王金铎|王新红|路慎强|,中国石油化工集团公司胜利油田有限公司物探研究院山东东营|中国海洋大学海洋地球科学学院|中国石油化工集团公司胜利石油管理局物探公司|中国石油化工集团公司胜利油田有限公司物探研究院 257022|山东青岛266003|山东东营257022|山东东营257100|,地质科学,743a5adc-833e-11e8-9630-408d5c0cc128,东营凹陷|中央隆起带|断裂|盐|底辟构造|构造演化|,5b2f8970-833e-11e8-991d-408d5c0cc128,东营凹陷盐底辟作用与中央隆起带断裂构造成因,http://rss.cnki.net/rss/Getinfobydoi.aspx?doi=CNKI:SUN:DZKX.0.2007-02-005,2005
101,刘震|戴立昌|赵阳|许晓明|张善文|蔡进功|,石油大学石油天然气成藏机理教育部重点实验室|中国石油化工集团公司胜利油田有限公司|中国石油化工集团公司胜利油田有限公司 北京102249|山东东营257051|,地质科学,762b52c6-833e-11e8-b3c9-408d5c0cc128,地温―地压系统|异常压力|油气藏分布|济阳坳陷|,5b2f8970-833e-11e8-991d-408d5c0cc128,济阳坳陷地温―地压系统特征及其对油气藏分布的控制作用,http://rss.cnki.net/rss/Getinfobydoi.aspx?doi=CNKI:SUN:DZKX.0.2007-02-005,2005
102,鲁洪波|姜在兴|,石油大学石油资源科学系|,石油大学学报(自然科学版),77afc352-833e-11e8-b888-408d5c0cc128,伊犁盆地|稀土元素|地球化学特征|岩相古地理|,5b2f8970-833e-11e8-991d-408d5c0cc128,稀土元素地球化学分析在岩相古地理研究中的应用,http://rss.cnki.net/rss/Getinfobydoi.aspx?doi=CNKI:SUN:DZKX.0.2007-02-005,1999
103,赵振华|赵惠兰|柴之芳|马淑兰|毛雪瑛|马建国|周瑶琪|,中国科学院地球化学研究所|中国科学院高能物理研究所|中国科学院高能物理研究所 贵阳|北京|,中国科学(B辑 化学 生命科学 地学),79360ba8-833e-11e8-9731-408d5c0cc128,浑江|奥陶系界线层型|无铰纲腕足类|,5b2f8970-833e-11e8-991d-408d5c0cc128,大阳岔寒武-奥陶系界线层型剖面的无铰纲及沉积岩微量元素地球化学,http://rss.cnki.net/rss/Getinfobydoi.aspx?doi=CNKI:SUN:DZKX.0.2007-02-005,1989
104,杨子成|张金亮|,中国海洋大学海洋地球科学学院|中国海洋大学海洋地球科学学院 山东青岛266100|,中国海洋大学学报(自然科学版),7db0bbd0-833e-11e8-af70-408d5c0cc128,原油|生物标志物|油源对比|母源输入|东营凹陷|,,东营凹陷南斜坡原油生物标志物特征和油源对比,http://rss.cnki.net/rss/Getinfobydoi.aspx?doi=CNKI:SUN:QDHY.0.2008-03-019,2008
105,任拥军|周瑶琪|查明|金强|,中国石油大学地球资源与信息学院|中国石油大学地球资源与信息学院 山东东营257061|,中国石油大学学报(自然科学版),80e9610a-833e-11e8-8350-408d5c0cc128,东营凹陷|古近系|烃源岩|成熟度|,7db0bbd0-833e-11e8-af70-408d5c0cc128,东营凹陷古近系烃源岩成熟度特征,http://rss.cnki.net/rss/Getinfobydoi.aspx?doi=CNKI:SUN:QDHY.0.2008-03-019,2006
106,宋明水|,中国石油化工胜利油田分公司勘探项目管理部 山东东营　257001|,矿物岩石,82ad62e4-833e-11e8-9cbe-408d5c0cc128,东营凹陷|沉积环境|地球化学|微量元素|常量元素|同位素|,7db0bbd0-833e-11e8-af70-408d5c0cc128,东营凹陷南斜坡沙四段沉积环境的地球化学特征,http://rss.cnki.net/rss/Getinfobydoi.aspx?doi=CNKI:SUN:QDHY.0.2008-03-019,2005
107,朱光有|金强|,石油大学地球资源与信息学院|石油大学地球资源与信息学院 山东东营257061|,沉积学报,8492b450-833e-11e8-900e-408d5c0cc128,优质烃源岩|东营凹陷|沙河街组|缺氧环境|古生产力|,7db0bbd0-833e-11e8-af70-408d5c0cc128,东营凹陷两套优质烃源岩层地质地球化学特征研究,http://rss.cnki.net/rss/Getinfobydoi.aspx?doi=CNKI:SUN:QDHY.0.2008-03-019,2003
108,谭丽娟|蒋有录|苏成义|梁书义|,石油大学地球资源与信息学院|胜利油田股份公司|胜利油田股份公司 山东东营257061|山东东营257015|,石油大学学报(自然科学版),867e083a-833e-11e8-b38a-408d5c0cc128,东营凹陷|烃源岩|原油|生物标志化合物|油源特征|,7db0bbd0-833e-11e8-af70-408d5c0cc128,东营凹陷博兴地区烃源岩和油源特征,http://rss.cnki.net/rss/Getinfobydoi.aspx?doi=CNKI:SUN:QDHY.0.2008-03-019,2002
109,任拥军|周瑶琪|查明|金强|,中国石油大学地球资源与信息学院|中国石油大学地球资源与信息学院 山东东营257061|,中国石油大学学报(自然科学版),8996ae76-833e-11e8-a7bf-408d5c0cc128,东营凹陷|古近系|烃源岩|成熟度|,7db0bbd0-833e-11e8-af70-408d5c0cc128,东营凹陷古近系烃源岩成熟度特征,http://rss.cnki.net/rss/Getinfobydoi.aspx?doi=CNKI:SUN:QDHY.0.2008-03-019,2006
110,宋明水|,中国石油化工胜利油田分公司勘探项目管理部 山东东营　257001|,矿物岩石,8b55b400-833e-11e8-b94b-408d5c0cc128,东营凹陷|沉积环境|地球化学|微量元素|常量元素|同位素|,7db0bbd0-833e-11e8-af70-408d5c0cc128,东营凹陷南斜坡沙四段沉积环境的地球化学特征,http://rss.cnki.net/rss/Getinfobydoi.aspx?doi=CNKI:SUN:QDHY.0.2008-03-019,2005
111,宋明水|李存磊|张金亮|,中国石化胜利油田公司勘探项目部|北京师范大学资源学院|,石油学报,8e367dec-833e-11e8-bb33-408d5c0cc128,事件沉积|米兰科维奇旋回|砂砾岩|层序地层|沉积期次|,,东营凹陷盐家地区砂砾岩体沉积期次精细划分与对比,http://rss.cnki.net/rss/Getinfobydoi.aspx?doi=CNKI:SUN:SYXB.0.2012-05-007,2012
112,石玉江|肖亮|毛志强|郭浩鹏|,西北大学地质学系|中国石油长庆油田公司勘探开发研究院|中国石油大学油气资源与探测国家重点实验室|中国石油大学地球探测与信息技术北京市重点实验室|,石油学报,91a24d34-833e-11e8-90b9-408d5c0cc128,低渗透砂岩|成岩相|中子-密度视石灰岩孔隙度差|储层类型|产能级别|,8e367dec-833e-11e8-bb33-408d5c0cc128,低渗透砂岩储层成岩相测井识别方法及其地质意义――以鄂尔多斯盆地姬塬地区长8段储层为例,http://rss.cnki.net/rss/Getinfobydoi.aspx?doi=CNKI:SUN:SYXB.0.2012-05-007,2011
113,李存磊|张金亮|宋明水|史超群|石宁|刘婷|,北京师范大学资源学院|中石化胜利油田分公司勘探项目部|中国海洋大学海洋地球科学学院|,地质学报,93fa439c-833e-11e8-ba7a-408d5c0cc128,砂砾岩体|成像测井|沉积旋回|层序地层|东营凹陷|,8e367dec-833e-11e8-bb33-408d5c0cc128,基于沉积相反演的砂砾岩体沉积期次精细划分与对比――以东营凹陷盐家地区古近系沙四段上亚段为例,http://rss.cnki.net/rss/Getinfobydoi.aspx?doi=CNKI:SUN:SYXB.0.2012-05-007,2011
114,鲜本忠|王永诗|,中国石油大学油气资源与探测国家重点实验室|中国石油大学资源与信息学院|中石化胜利油田地质科学研究院|,中国石油大学学报(自然科学版),95f53a0a-833e-11e8-92dd-408d5c0cc128,小波变换|测井信号|沉积基准面|层序地层|砂砾岩|车镇凹陷|,8e367dec-833e-11e8-bb33-408d5c0cc128,基于小波变换基准面恢复的砂砾岩期次划分与对比,http://rss.cnki.net/rss/Getinfobydoi.aspx?doi=CNKI:SUN:SYXB.0.2012-05-007,2008
115,严德天|王华|王清晨|,中国科学院地质与地球物理所|中国地质大学资源学院|中国科学院地质与地球物理所 北京100029中国地质大学资源学院湖北武汉430074|,石油学报,97cb3e12-833e-11e8-b890-408d5c0cc128,中国东部|断陷盆地|第三系|幕式构造旋回|层序地层|,8e367dec-833e-11e8-bb33-408d5c0cc128,中国东部第三系典型断陷盆地幕式构造旋回及层序地层特征,http://rss.cnki.net/rss/Getinfobydoi.aspx?doi=CNKI:SUN:SYXB.0.2012-05-007,2008
116,姚益民|徐道一|张海峰|韩延本|张守鹏|尹志强|李保利|何青芳|边雪梅|,中石化胜利油田有限公司地质科学研究院|中国地震局地质研究所|中国科学院国家天文台|,地层学杂志,99ccccf4-833e-11e8-8932-408d5c0cc128,天文地层|不整合|古近系|新近系|第四系|东营凹陷|山东|,8e367dec-833e-11e8-bb33-408d5c0cc128,山东东营凹陷新生代天文地层表简介,http://rss.cnki.net/rss/Getinfobydoi.aspx?doi=CNKI:SUN:SYXB.0.2012-05-007,2007
117,孙怡|鲜本忠|林会喜|,中国石油大学(华东)地球资源与信息学院|中国石油大学(北京)地球资源与信息学院|胜利油田有限公司地质科学研究院 山东省东营市胜利油田有限公司地质科学研究院|257015|,石油地球物理勘探,9ba7aa46-833e-11e8-a94f-408d5c0cc128,砂砾岩体|小波变换|沉积旋回|内部结构|测井信息|车镇凹陷|,8e367dec-833e-11e8-bb33-408d5c0cc128,断陷湖盆陡坡带砂砾岩体沉积期次的划分技术,http://rss.cnki.net/rss/Getinfobydoi.aspx?doi=CNKI:SUN:SYXB.0.2012-05-007,2007
118,陈刚|戴俊生|叶兴树|荣磊|梁颖|,中国科学院研究生院|江苏油田试采一厂|中国石油大学地球资源与信息学院|胜利油田有限公司东辛采油厂|胜利油田有限公司东辛采油厂 北京100049|,西南石油大学学报,9d9b54f6-833e-11e8-945c-408d5c0cc128,断层落差|生长指数|断陷盆地|生长断层|对比研究|,8e367dec-833e-11e8-bb33-408d5c0cc128,生长指数与断层落差的对比研究,http://rss.cnki.net/rss/Getinfobydoi.aspx?doi=CNKI:SUN:SYXB.0.2012-05-007,2007
119,石广玉|刘玉芝|,中国科学院大气物理研究所|中国科学院大气物理研究所 北京100029|中国科学院研究生院|北京100039|,地球科学进展,9f168b2e-833e-11e8-aff3-408d5c0cc128,米兰科维奇理论|气候变化|冰期―间冰期旋回|,8e367dec-833e-11e8-bb33-408d5c0cc128,地球气候变化的米兰科维奇理论研究进展,http://rss.cnki.net/rss/Getinfobydoi.aspx?doi=CNKI:SUN:SYXB.0.2012-05-007,2006
120,谢锐杰|漆家福|王永诗|杨桥|,石油大学石油天然气成藏机理教育部重点实验室|中国石化胜利油田有限公司地质科学研究院|石油大学石油天然气成藏机理教育部重点实验室 北京　102249长江大学地球物理与石油资源学院湖北荆州　434023|北京　102249|山东东营　257015|,石油实验地质,a0e6b8d0-833e-11e8-90ec-408d5c0cc128,构造演化|古构造图|新生代|东营凹陷北部|渤海湾盆地|,8e367dec-833e-11e8-bb33-408d5c0cc128,渤海湾盆地东营凹陷北部地区新生代构造演化特征研究,http://rss.cnki.net/rss/Getinfobydoi.aspx?doi=CNKI:SUN:SYXB.0.2012-05-007,2004
121,郑兴平|罗平|,石油勘探开发研究院杭州地质研究所|石油勘探开发研究院 北京|,天然气勘探与开发,a2ba1b4a-833e-11e8-9f6a-408d5c0cc128,飞仙关组|米兰科维奇理论|频谱分析|钍钾比|离心率|基准面|地层划分|,8e367dec-833e-11e8-bb33-408d5c0cc128,川东渝北飞仙关组的米兰克维奇周期及其应用,http://rss.cnki.net/rss/Getinfobydoi.aspx?doi=CNKI:SUN:SYXB.0.2012-05-007,2004
122,石玉江|肖亮|毛志强|郭浩鹏|,西北大学地质学系|中国石油长庆油田公司勘探开发研究院|中国石油大学油气资源与探测国家重点实验室|中国石油大学地球探测与信息技术北京市重点实验室|,石油学报,a5fb6878-833e-11e8-94ab-408d5c0cc128,低渗透砂岩|成岩相|中子-密度视石灰岩孔隙度差|储层类型|产能级别|,8e367dec-833e-11e8-bb33-408d5c0cc128,低渗透砂岩储层成岩相测井识别方法及其地质意义――以鄂尔多斯盆地姬塬地区长8段储层为例,http://rss.cnki.net/rss/Getinfobydoi.aspx?doi=CNKI:SUN:SYXB.0.2012-05-007,2011
123,李存磊|张金亮|宋明水|史超群|石宁|刘婷|,北京师范大学资源学院|中石化胜利油田分公司勘探项目部|中国海洋大学海洋地球科学学院|,地质学报,a8297002-833e-11e8-a00c-408d5c0cc128,砂砾岩体|成像测井|沉积旋回|层序地层|东营凹陷|,8e367dec-833e-11e8-bb33-408d5c0cc128,基于沉积相反演的砂砾岩体沉积期次精细划分与对比――以东营凹陷盐家地区古近系沙四段上亚段为例,http://rss.cnki.net/rss/Getinfobydoi.aspx?doi=CNKI:SUN:SYXB.0.2012-05-007,2011
124,鲜本忠|王永诗|,中国石油大学油气资源与探测国家重点实验室|中国石油大学资源与信息学院|中石化胜利油田地质科学研究院|,中国石油大学学报(自然科学版),a9ed8262-833e-11e8-979d-408d5c0cc128,小波变换|测井信号|沉积基准面|层序地层|砂砾岩|车镇凹陷|,8e367dec-833e-11e8-bb33-408d5c0cc128,基于小波变换基准面恢复的砂砾岩期次划分与对比,http://rss.cnki.net/rss/Getinfobydoi.aspx?doi=CNKI:SUN:SYXB.0.2012-05-007,2008
125,严德天|王华|王清晨|,中国科学院地质与地球物理所|中国地质大学资源学院|中国科学院地质与地球物理所 北京100029中国地质大学资源学院湖北武汉430074|,石油学报,abc2a312-833e-11e8-ad82-408d5c0cc128,中国东部|断陷盆地|第三系|幕式构造旋回|层序地层|,8e367dec-833e-11e8-bb33-408d5c0cc128,中国东部第三系典型断陷盆地幕式构造旋回及层序地层特征,http://rss.cnki.net/rss/Getinfobydoi.aspx?doi=CNKI:SUN:SYXB.0.2012-05-007,2008
126,姚益民|徐道一|张海峰|韩延本|张守鹏|尹志强|李保利|何青芳|边雪梅|,中石化胜利油田有限公司地质科学研究院|中国地震局地质研究所|中国科学院国家天文台|,地层学杂志,ad8335c0-833e-11e8-9939-408d5c0cc128,天文地层|不整合|古近系|新近系|第四系|东营凹陷|山东|,8e367dec-833e-11e8-bb33-408d5c0cc128,山东东营凹陷新生代天文地层表简介,http://rss.cnki.net/rss/Getinfobydoi.aspx?doi=CNKI:SUN:SYXB.0.2012-05-007,2007
127,孙怡|鲜本忠|林会喜|,中国石油大学(华东)地球资源与信息学院|中国石油大学(北京)地球资源与信息学院|胜利油田有限公司地质科学研究院 山东省东营市胜利油田有限公司地质科学研究院|257015|,石油地球物理勘探,af5b7528-833e-11e8-a1b9-408d5c0cc128,砂砾岩体|小波变换|沉积旋回|内部结构|测井信息|车镇凹陷|,8e367dec-833e-11e8-bb33-408d5c0cc128,断陷湖盆陡坡带砂砾岩体沉积期次的划分技术,http://rss.cnki.net/rss/Getinfobydoi.aspx?doi=CNKI:SUN:SYXB.0.2012-05-007,2007
128,陈刚|戴俊生|叶兴树|荣磊|梁颖|,中国科学院研究生院|江苏油田试采一厂|中国石油大学地球资源与信息学院|胜利油田有限公司东辛采油厂|胜利油田有限公司东辛采油厂 北京100049|,西南石油大学学报,b11cf76e-833e-11e8-a1e8-408d5c0cc128,断层落差|生长指数|断陷盆地|生长断层|对比研究|,8e367dec-833e-11e8-bb33-408d5c0cc128,生长指数与断层落差的对比研究,http://rss.cnki.net/rss/Getinfobydoi.aspx?doi=CNKI:SUN:SYXB.0.2012-05-007,2007
129,石广玉|刘玉芝|,中国科学院大气物理研究所|中国科学院大气物理研究所 北京100029|中国科学院研究生院|北京100039|,地球科学进展,b29c0a00-833e-11e8-9101-408d5c0cc128,米兰科维奇理论|气候变化|冰期―间冰期旋回|,8e367dec-833e-11e8-bb33-408d5c0cc128,地球气候变化的米兰科维奇理论研究进展,http://rss.cnki.net/rss/Getinfobydoi.aspx?doi=CNKI:SUN:SYXB.0.2012-05-007,2006
130,谢锐杰|漆家福|王永诗|杨桥|,石油大学石油天然气成藏机理教育部重点实验室|中国石化胜利油田有限公司地质科学研究院|石油大学石油天然气成藏机理教育部重点实验室 北京　102249长江大学地球物理与石油资源学院湖北荆州　434023|北京　102249|山东东营　257015|,石油实验地质,b46aba80-833e-11e8-9843-408d5c0cc128,构造演化|古构造图|新生代|东营凹陷北部|渤海湾盆地|,8e367dec-833e-11e8-bb33-408d5c0cc128,渤海湾盆地东营凹陷北部地区新生代构造演化特征研究,http://rss.cnki.net/rss/Getinfobydoi.aspx?doi=CNKI:SUN:SYXB.0.2012-05-007,2004
131,郑兴平|罗平|,石油勘探开发研究院杭州地质研究所|石油勘探开发研究院 北京|,天然气勘探与开发,b63009ca-833e-11e8-825b-408d5c0cc128,飞仙关组|米兰科维奇理论|频谱分析|钍钾比|离心率|基准面|地层划分|,8e367dec-833e-11e8-bb33-408d5c0cc128,川东渝北飞仙关组的米兰克维奇周期及其应用,http://rss.cnki.net/rss/Getinfobydoi.aspx?doi=CNKI:SUN:SYXB.0.2012-05-007,2004
132,隋风贵|,中国石化胜利油田有限公司地质科学研究院 山东东营257015|中国矿业大学|北京100083|,石油与天然气地质,b979871c-833e-11e8-9161-408d5c0cc128,陡坡带|砂砾岩扇体|油藏类型|成藏动力学|成藏模式|断陷盆地|,8e367dec-833e-11e8-bb33-408d5c0cc128,断陷湖盆陡坡带砂砾岩扇体成藏动力学特征――以东营凹陷为例,http://rss.cnki.net/rss/Getinfobydoi.aspx?doi=CNKI:SUN:SYXB.0.2012-05-007,2003
133,李凤杰|王多云|郑希民|刘自亮|王峰|王志坤|李树同|,中科院兰州地质研究所|中科院兰州地质研究所 甘肃兰州730000|中科院兰州地质研究所气体地球化学国家重点实验室|甘肃兰州730000|,煤田地质与勘探,bbb06d46-833e-11e8-b280-408d5c0cc128,测井曲线|米兰科维奇旋回|快速傅立叶变换|延安组|鄂尔多斯盆地|,8e367dec-833e-11e8-bb33-408d5c0cc128,测井曲线频谱分析在含煤地层沉积旋回研究中的应用,http://rss.cnki.net/rss/Getinfobydoi.aspx?doi=CNKI:SUN:SYXB.0.2012-05-007,2003
134,王志刚|,中国石化胜利油田有限公司|,石油勘探与开发,bd94b75a-833e-11e8-88e5-408d5c0cc128,东营凹陷|陡坡带|沉积模式|构造岩相带|成藏模式|,8e367dec-833e-11e8-bb33-408d5c0cc128,东营凹陷北部陡坡构造岩相带油气成藏模式,http://rss.cnki.net/rss/Getinfobydoi.aspx?doi=CNKI:SUN:SYXB.0.2012-05-007,2003
135,刘传虎|,胜利石油管理局地球物理勘探开发公司!东营257100|,石油物探,bfbe1c9e-833e-11e8-91bf-408d5c0cc128,砂砾岩扇体|发育特征|地震描述技术|,8e367dec-833e-11e8-bb33-408d5c0cc128,砂砾岩扇体发育特征及地震描述技术,http://rss.cnki.net/rss/Getinfobydoi.aspx?doi=CNKI:SUN:SYXB.0.2012-05-007,2001
136,赵乐强|张金亮|宋国奇|隋风贵|王学军|向立宏|卓勤功|,中国海洋大学海洋地球科学学院|中国石油化工股份有限公司胜利油田分公司地质科学研究院|中国石油化工股份有限公司胜利油田分公司地质科学研究院 山东青岛266100|中国石油化工股份有限公司胜利油田分公司地质科学研究院山东东营257015|,沉积学报,c30fa952-833e-11e8-ac4a-408d5c0cc128,前第三系|风化壳结构|发育模式|油气运聚|义和庄凸起|,,义和庄凸起东区前第三系顶部风化壳结构发育模式及对油气运聚的影响,http://rss.cnki.net/rss/Getinfobydoi.aspx?doi=CNKI:SUN:CJXB.0.2008-03-010,2008
137,李平平|邹华耀|郝芳|,中国石油大学油气成藏机理教育部重点实验室|中国石油大学油气成藏机理教育部重点实验室 北京102249|北京102249中国地质大学(武汉)资源学院武汉430074|,沉积学报,c65b593a-833e-11e8-b6ab-408d5c0cc128,准噶尔盆地|风化壳|发育机制|油气成藏|,c30fa952-833e-11e8-ac4a-408d5c0cc128,准噶尔盆地腹部侏罗系顶部风化壳的发育机制及其油气成藏效应,http://rss.cnki.net/rss/Getinfobydoi.aspx?doi=CNKI:SUN:CJXB.0.2008-03-010,2006
138,曹剑|胡文u|张义杰|姚素平|王绪龙|张越迁|唐勇|,内生金属矿床成矿机制研究国家重点实验室南京大学地球科学系|中国石油新疆油田分公司勘探开发研究院|中国石油新疆油田分公司勘探开发研究院 南京210093|新疆克拉玛依834000|,沉积学报,c82b0d9a-833e-11e8-9850-408d5c0cc128,不整合|垂向结构|油气运移|准噶尔盆地|,c30fa952-833e-11e8-ac4a-408d5c0cc128,准噶尔盆地油气沿不整合运移的主控因素分析,http://rss.cnki.net/rss/Getinfobydoi.aspx?doi=CNKI:SUN:CJXB.0.2008-03-010,2006
139,隋风贵|赵乐强|,胜利油田有限公司地质科学研究院|胜利油田有限公司地质科学研究院 山东东营257015|,大地构造与成矿学,ca451cda-833e-11e8-b740-408d5c0cc128,不整合|结构类型|构建样式|微观组构|控藏作用|济阳坳陷|,c30fa952-833e-11e8-ac4a-408d5c0cc128,济阳坳陷不整合结构类型及控藏作用,http://rss.cnki.net/rss/Getinfobydoi.aspx?doi=CNKI:SUN:CJXB.0.2008-03-010,2006
140,谢寅符|李洪奇|孙中春|,石油大学|新疆石油管理局勘探开发研究院 北京|102249|克拉玛依|834000|,地质论评,cc8a14a8-833e-11e8-a1da-408d5c0cc128,准噶尔盆地|风化壳|孢粉组合|粘土矿物|侏罗系|西山窑组|石南地区|,c30fa952-833e-11e8-ac4a-408d5c0cc128,准噶尔盆地石南地区侏罗系―白垩系间风化壳的发现及其地层学意义,http://rss.cnki.net/rss/Getinfobydoi.aspx?doi=CNKI:SUN:CJXB.0.2008-03-010,2006
141,石砥石|,中国科学院广州地球化学研究所 广州510640|胜利油田有限公司地质科学研究院|东营257015|,成都理工大学学报(自然科学版),ce48e134-833e-11e8-942f-408d5c0cc128,网毯式油气成藏体系|太平油田|馆陶组|地层超覆|,c30fa952-833e-11e8-ac4a-408d5c0cc128,济阳坳陷太平油田网毯式油气成藏体系研究,http://rss.cnki.net/rss/Getinfobydoi.aspx?doi=CNKI:SUN:CJXB.0.2008-03-010,2005
142,张建林|,胜利油田有限公司地质科学研究院|,油气地质与采收率,cfbecd94-833e-11e8-a0b7-408d5c0cc128,不整合|优势通道|岩层组合|机理|模式|,c30fa952-833e-11e8-ac4a-408d5c0cc128,地层不整合对油气运移和封堵的作用,http://rss.cnki.net/rss/Getinfobydoi.aspx?doi=CNKI:SUN:CJXB.0.2008-03-010,2005
143,李景阳|梁风|朱立军|左双英|,贵州工业大学资源与环境学院|贵州工业大学资源与环境学院 贵州贵阳550003|,中国岩溶,d1744a6c-833e-11e8-bd71-408d5c0cc128,物理性质|化学成分|碳酸盐岩风化剖面|,c30fa952-833e-11e8-ac4a-408d5c0cc128,两种典型碳酸盐岩红土风化剖面的物理化学特征,http://rss.cnki.net/rss/Getinfobydoi.aspx?doi=CNKI:SUN:CJXB.0.2008-03-010,2005
144,付广|段海凤|孟庆芬|,大庆石油学院|大庆石油学院 黑龙江大庆163318|,大庆石油地质与开发,d365e5de-833e-11e8-ab61-408d5c0cc128,不整合|内部结构|卸荷-风化裂缝|底砾岩|连通孔隙|输导特征|,c30fa952-833e-11e8-ac4a-408d5c0cc128,不整合及输导油气特征,http://rss.cnki.net/rss/Getinfobydoi.aspx?doi=CNKI:SUN:CJXB.0.2008-03-010,2005
145,李荣西|胡瑞忠|方维萱|,长安大学地球科学与国土资源学院|中国科学院地球化学研究所|中国科学院地球化学研究所 西安710054|贵阳550002|,地质科学,d4e9658a-833e-11e8-9f52-408d5c0cc128,有机包裹体|风化壳|奥陶系|胜利油气区|,c30fa952-833e-11e8-ac4a-408d5c0cc128,胜利油气区奥陶系顶部风化壳有机包裹体初步研究及其意义,http://rss.cnki.net/rss/Getinfobydoi.aspx?doi=CNKI:SUN:CJXB.0.2008-03-010,2005
146,张克银|艾华国|吴亚军|,地质矿产部石油地质综合大队|,石油勘探与开发,d676051a-833e-11e8-992e-408d5c0cc128,不整合面|地层|结构|影响|油气藏形成|塔北隆起|,c30fa952-833e-11e8-ac4a-408d5c0cc128,碳酸盐岩顶部不整合面结构层及控油意义,http://rss.cnki.net/rss/Getinfobydoi.aspx?doi=CNKI:SUN:CJXB.0.2008-03-010,1996
147,李平平|邹华耀|郝芳|,中国石油大学油气成藏机理教育部重点实验室|中国石油大学油气成藏机理教育部重点实验室 北京102249|北京102249中国地质大学(武汉)资源学院武汉430074|,沉积学报,d988c1cc-833e-11e8-9d53-408d5c0cc128,准噶尔盆地|风化壳|发育机制|油气成藏|,c30fa952-833e-11e8-ac4a-408d5c0cc128,准噶尔盆地腹部侏罗系顶部风化壳的发育机制及其油气成藏效应,http://rss.cnki.net/rss/Getinfobydoi.aspx?doi=CNKI:SUN:CJXB.0.2008-03-010,2006
148,曹剑|胡文u|张义杰|姚素平|王绪龙|张越迁|唐勇|,内生金属矿床成矿机制研究国家重点实验室南京大学地球科学系|中国石油新疆油田分公司勘探开发研究院|中国石油新疆油田分公司勘探开发研究院 南京210093|新疆克拉玛依834000|,沉积学报,db0ea458-833e-11e8-b0c6-408d5c0cc128,不整合|垂向结构|油气运移|准噶尔盆地|,c30fa952-833e-11e8-ac4a-408d5c0cc128,准噶尔盆地油气沿不整合运移的主控因素分析,http://rss.cnki.net/rss/Getinfobydoi.aspx?doi=CNKI:SUN:CJXB.0.2008-03-010,2006
